{
  "rmse":56.1118597354,
  "mae":46.6245534054,
  "mape":1230.3407325431,
  "smape":46.0051031432,
  "mql_0_50":46.6245534054,
  "mic_10_90":0.5879110931
}