{
  "rmse":57.6453953057,
  "mae":50.1606782624,
  "mape":896.9565290589,
  "smape":50.8662457817,
  "mql_0_50":50.1606782624,
  "mic_10_90":0.3889883178
}