{
  "rmse":57.8116721181,
  "mae":48.6346380949,
  "mape":1366.2308046508,
  "smape":46.7807257215,
  "mql_0_50":48.6346380949,
  "mic_10_90":0.5832971012
}