{
  "rmse":87.2313558766,
  "mae":74.0888714832,
  "mape":1684.309248618,
  "smape":56.2303758868,
  "mql_0_50":74.0888714832,
  "mic_10_90":0.4376692219
}