{
  "rmse":99.8344598425,
  "mae":89.0670565394,
  "mape":958.1862384371,
  "smape":78.2853767313,
  "mql_0_50":89.0670565394,
  "mic_10_90":0.3448981265
}