{
  "rmse":104.8613261017,
  "mae":86.2388932207,
  "mape":3671.6550427933,
  "smape":45.4885109114,
  "mql_0_50":86.2388932207,
  "mic_10_90":0.5816152548
}