{
  "rmse":36.3775049612,
  "mae":32.7664784609,
  "mape":4436.8909234977,
  "smape":68.1631473701,
  "mql_0_50":32.7664784609,
  "mic_10_90":0.8425612053
}