{
  "rmse":42.5071562802,
  "mae":38.5048398039,
  "mape":4858.9966153821,
  "smape":73.6604369452,
  "mql_0_50":38.5048398039,
  "mic_10_90":0.8333333333
}