{
  "rmse":29.8526505045,
  "mae":26.1611342592,
  "mape":3422.4664028484,
  "smape":61.853333066,
  "mql_0_50":26.1611342592,
  "mic_10_90":0.6856873823
}