{
  "rmse":65.174654841,
  "mae":57.6579113074,
  "mape":4241.2019151434,
  "smape":59.2478874144,
  "mql_0_50":57.6579113074,
  "mic_10_90":0.8218455744
}